Артикул;Основная категория товара;Подраздел категории товара;Наименование;Описание;Производитель;Артикул производителя;Цена (Розница);Цена (Опт);Можно купить;На складе;Время отгрузки;Размер;Цвет;aID;Материал;Батарейки;Упаковка;Вес (брутто);Фотография маленькая до 150*150;Фотография 1;Фотография 2;Фотография 3;Фотография 4;Фотография 5;Штрихкод
172;Секс-товары для женщин;Вагинальные шарики;Пластиковые вагинальные шарики;Хотите управлять своим телом еще лучше, чем сейчас? После родов не чувствуете тесного контакта с пенисом партнера как раньше?В таком случае на помощь вам придут эти вагинальные шарики со смещенным центром тяжести. Вводя их внутрь себя в положении стоя и пытаясь максимально долго удержать их внутри, вы заставляете мышцы работать. Регулярные тренировки помогут многократно увеличить силу внутренних объятий. ;Seven Creations;7334 BX GP;610.00;271.16;1;592;2;;молочный;176;пластик;;картонная коробка;75;http://feed.p5s.ru/images/small/0/small_172.jpg;http://feed.p5s.ru/images/big/0/172.jpg;;;;;4,89E+12
173;Секс-товары для женщин;Вагинальные шарики;Вагинальные шарики со смещенным центром тяжести SOFT LATEX VIBRATONE BALL;Два шарика телесного цвета со смещенным центром тяжести, в мягкой оболочке. Крепко-накрепко связаны между собой. Зачем? Чтобы вы смогли тренировать свои интимные мышцы с удовольствием!  Удерживайте, стоя на полу, бусины внутри лона. Выталкивайте их из себя, лежа на кровати. Сжимайте так сильно, как получается. Всё это поможет вам укрепить мышечные стенки вагины, а значит, и силу интимных объятий. ;Seven Creations;7334A BX GP;656.00;291.56;0;0;3;;бежевый;177;латекс;;картонная коробка;85;http://feed.p5s.ru/images/small/0/small_173.jpg;http://feed.p5s.ru/images/big/0/173.jpg;http://feed.p5s.ru/images/big/0/173-1.jpg;;;;4,89E+12
180;Секс-товары для женщин;Вагинальные шарики;Серебристые вагинальные шарики с вибрацией ORGASM VIBRATING BALL;Эти серебряные шарики – не что иное, как тренажер. И, как любая другая силовая машина, предназначен для укрепления мышц. Правда не ножных или спинных, а интимных.  Погружая вибрирующие шарики внутрь своего лона и удерживая их там, вы не только доставляете себе удовольствие, но и «работаете» над силой интимных объятий. Упорные тренировки, и мужчина не сможет устоять против сладких вагинальных тисков. ;Seven Creations;7214S-J BX GP;1879.00;988.81;1;33;2;;серебристый;184;пластик;2 шт., тип AA;картонная коробка;80;http://feed.p5s.ru/images/small/0/small_180.jpg;http://feed.p5s.ru/images/big/0/180.jpg;http://feed.p5s.ru/images/big/0/180-1.jpg;http://feed.p5s.ru/images/big/0/180-2.jpg;;;4,89E+12
181;Секс-товары для женщин;Вагинальные шарики;Вагинальные шарики с вибратором золотого цвета ORGASM VIBRATING BALL;Эти вагинальные виброшарики  - отличный инструмент для предварительных ласк. Поцелуи и раззадоривающие покусывания – это, конечно же, здорово. Но мультискоростная вибрация этих шариков заведёт вас с партнёром куда как быстрее.  Погрузите эти золотые бусины в лоно, а затем вытолкните их из себя. Пусть партнер снова протолкнёт их внутрь вашего тела, а вытянет с помощью мягкой сцепки. Все эти чувственные движения не только доставляют удовольствие, но и усиливают возбуждение. ;Seven Creations;7214QG-J BX GP;2042.00;1134.29;1;23;2;;золотистый;185;пластик;2 шт., тип AA;картонная коробка;100;http://feed.p5s.ru/images/small/0/small_181.jpg;http://feed.p5s.ru/images/big/0/181.jpg;http://feed.p5s.ru/images/big/0/181-1.jpg;;;;4,89E+12
218;Фаллоимитаторы;Реалистичные;Ультрареалистичный фаллоимитатор The Realistic Cock ULTRASKYN 8” - 20,57 см.;Если в вашей коллекции секс-игрушек не хватает реалистичного фаллоимитатора – упругого, мягкого, тёплого на ощупь, перед вами – идеальный кандидат!  Этот фаллос с розовой головкой и паутиной вен отвечает всем вашим требованиям. А также обещает невероятные ощущения при вагинальной стимуляции.  Съёмная присоска на основании, благодаря которой фаллоимитатор быстро фиксируется на твёрдых плоскостях, расширит количество поз для самоудовлетворения.  Рабочая длина - 18,54 см.;Doc Johnson;0276-02-BX;9664.00;6234.61;1;60;2;;телесный;222;ULTRASKYN;;картонная коробка;575;http://feed.p5s.ru/images/small/0/small_218.jpg;http://feed.p5s.ru/images/big/0/218.jpg;http://feed.p5s.ru/images/big/0/218-1.jpg;http://feed.p5s.ru/images/big/0/218-2.jpg;http://feed.p5s.ru/images/big/0/218-3.jpg;;7,82E+11
269;БАДы;Возбуждающие для всех;Возбуждающие капли для двоих Love Drops Liebes Tropfen - 20 мл.;Перед и во время полового акта организм расходует много энергии. Капли «Либес Тропфен» состоят из комбинации натуральных растительных афродизиаков, активизируют собственные резервы организма, сексуально тонизируют и стимулируют половое влечение.  Для чего: Для повышения либидо, разнообразия сексуальных отношений, повышения сексуальной энергии.  Для кого: Для мужчин и женщин, стремящихся улучшить свою сексуальную жизнь.  Противопоказания: индивидуальная непереносимость компонентов БАД, беременность, кормление грудью, повышенная нервная возбудимость, бессонница, повышенное артериальное давление, нарушение сердечной деятельности, выраженный атеросклероз, прием в вечернее время. Перед применением необходимо проконсультироваться с врачом.;Milan Arzneimittel GmbH;2;2615.00;1452.55;0;0;3;;;273;;;картонная коробка;65;http://feed.p5s.ru/images/small/0/small_269.jpg;http://feed.p5s.ru/images/big/0/269.jpg;http://feed.p5s.ru/images/big/0/269-1.jpg;http://feed.p5s.ru/images/big/0/269-2.jpg;http://feed.p5s.ru/images/big/0/269-3.jpg;;4,03E+12
270;БАДы;Возбуждающие для женщин;Сахар любви для женщин Liebes-Zucker-Feminin - 100 гр.;Любовный сахар для женщин мягко пробуждает сексуальность женщины, помогая раскрыть ее чувственность.  Для чего: Для повышения либидо, разнообразия сексуальных отношений.  Для кого: Для женщин, стремящихся улучшить свою сексуальную жизнь.  Противопоказания: индивидуальная непереносимость компонентов БАД, беременность, кормление грудью, повышенная нервная возбудимость, бессонница, повышенное артериальное давление, нарушение сердечной деятельности, выраженный атеросклероз. Перед применением рекомендуется проконсультироваться с врачом.;Milan Arzneimittel GmbH;3;2456.00;1364.58;1;5;2;;;274;;;картонная коробка;150;http://feed.p5s.ru/images/small/0/small_270.jpg;http://feed.p5s.ru/images/big/0/270.jpg;http://feed.p5s.ru/images/big/0/270-1.jpg;http://feed.p5s.ru/images/big/0/270-2.jpg;;;4,03E+12
271;БАДы;Возбуждающие для мужчин;Сахар любви для мужчин Liebes-Zucker maskulin - 100 гр.;Пожалуй, самый приятный способ стимулировать мужскую сексуальную активность – это принести ему в постель чашечку кофе со специальным возбуждающим сахаром. Либес цукер маскулин – это простой и вкусный способ повысить либидо и потенцию.  Для чего: Для повышения либидо, потенции,  разнообразия сексуальных отношений.  Для кого: Для мужчин, желающих повысить потенцию и сексуальную удовлетворенность.  Противопоказания: индивидуальная непереносимость компонентов.Перед применением рекомендуется проконсультироваться с врачом.;Milan Arzneimittel GmbH;4;2277.00;1264.83;1;5;2;;;275;;;картонная коробка;140;http://feed.p5s.ru/images/small/0/small_271.jpg;http://feed.p5s.ru/images/big/0/271.jpg;http://feed.p5s.ru/images/big/0/271-1.jpg;http://feed.p5s.ru/images/big/0/271-2.jpg;;;4,03E+12
284;Страпоны, фаллопротезы;Трусики и насадки;Классическая насадка-фаллос Vac-U-Lock 8  Classic Dong - 20,3 см.;Эта секс-игрушка придётся по нраву всем любительницам острых ощущений. А также по душе тем, кто уже успел познакомиться с системой Vac-u-lock от DocJohnson.  Погружая рельефный фаллос в лоно, вам удастся достигнуть максимального возбуждения – ведь так скользит, так чувственно массирует стеночки.  Если же зафиксировать его на штырьке трусиков Harness, получится страпон. А уж воспользоваться им – одно удовольствие! ;Doc Johnson;1015-01-BX;2391.00;1328.36;1;4;2;;телесный;288;поливинилхлорид (ПВХ, PVC);;картонная коробка;480;http://feed.p5s.ru/images/small/0/small_284.jpg;http://feed.p5s.ru/images/big/0/284.jpg;http://feed.p5s.ru/images/big/0/284-1.jpg;http://feed.p5s.ru/images/big/0/284-2.jpg;;;7,82E+11
298;Страпоны, фаллопротезы;Женские страпоны;Реалистичный страпон унисекс Vac-U-Lock Set 8  ULTRASKYN Ultra Harness - 20,57 см.;Плотно и комфортно облегает бёдра, способен наградить вас внушительным достоинством с ярко выраженной головкой и мягкой мошонкой…  Всё это об этом страпоне унисекс, состоящем из регулируемых по размеру трусиков со штырьком и ультра реалистичной насадки в форме фаллоса.  С ним вам доступны все ведущие секс-роли и максимум блаженства! Рабочая длина - 18,54 см.;Doc Johnson;1050-16-BX;12504.00;8067.01;1;9;2;;телесный;302;ULTRASKYN;;картонная коробка;480;http://feed.p5s.ru/images/small/0/small_298.jpg;http://feed.p5s.ru/images/big/0/298.jpg;http://feed.p5s.ru/images/big/0/298-1.jpg;http://feed.p5s.ru/images/big/0/298-2.jpg;http://feed.p5s.ru/images/big/0/298-3.jpg;;7,82E+11
299;Страпоны, фаллопротезы;Трусики и насадки;Трусики с насадкой Vac-U-Lock Set 7  ULTRASKYN Ultra Harness - 17,3 см.;Эти кожаные трусики с вырезом для пениса и штырьком для фиксации насадок Harness одинаково хорошо сядут как на мужские, так и на женские бёдра благодаря системе регулировки.  Тот, на ком они окажутся, сможет порадовать пассивного партнёра восхитительной вагинальной/анальной стимуляцией.  Насадка, отличаясь реалистичными формами и непревзойдённой упругостью, подарит как чувственное скольжение, так и требовательные толчки – наслаждению быть! Рабочая длина - 15,7 см.;Doc Johnson;1050-15-BX;12504.00;8067.01;1;16;2;;телесный;303;Ultraskin;;картонная коробка;485;http://feed.p5s.ru/images/small/0/small_299.jpg;http://feed.p5s.ru/images/big/0/299.jpg;http://feed.p5s.ru/images/big/0/299-1.jpg;http://feed.p5s.ru/images/big/0/299-2.jpg;http://feed.p5s.ru/images/big/0/299-3.jpg;;7,82E+11
325;Фаллоимитаторы;Реалистичные;Фаллоимитатор на присоске The Realistic Cock 6” with Removable Vac-U-Lock Suction Cup - 17,3 см.;Когда тело жаждет ласки, а фантазии так и бурлят в голове, скорую сексуальную помощь окажет вам этот реалистичный «мужчина».  Чтобы насладиться рельефом его упругого тельца и анатомическими формами, вам достаточно погрузить его в лоно, предварительно закрепив на жёсткой поверхности.  Свободные руки, свобода движений, свобода фантазий – красота, да и только! Рабочая длина - 15,7 см.;Doc Johnson;0271-01-BX;8151.00;4657.96;1;42;2;;телесный;329;поливинилхлорид (ПВХ, PVC);;картонная коробка;475;http://feed.p5s.ru/images/small/0/small_325.jpg;http://feed.p5s.ru/images/big/0/325.jpg;http://feed.p5s.ru/images/big/0/325-1.jpg;http://feed.p5s.ru/images/big/0/325-2.jpg;http://feed.p5s.ru/images/big/0/325-3.jpg;;7,82E+11
351;BDSM, садо-мазо товары;Наручники, ошейники;Металлические наручники, обшитые черным мехом;Металлические наручники, обшитые мехом черного цвета. Замок фиксируется при помощи ключей. Прочные и одновременно нежные наручники придадут предварительным ласкам и сексу особую пикантность и новизну. ;Seven Creations;E0014B10PGAC;1068.00;561.92;1;362;2;;черный;355;искусственный мех;;картонная коробка;120;http://feed.p5s.ru/images/small/0/small_351.jpg;http://feed.p5s.ru/images/big/0/351.jpg;;;;;6,95E+12
352;BDSM, садо-мазо товары;Наручники, ошейники;Металлические наручники, обшитые леопардовым мехом;Скучный и однообразный секс навсегда покинет вашу спальню. Металлические наручники, декорированные леопардовым мехом – это залог яркой сексуальной прелюдии и, как следствие, незабываемого оргазма.  Прочные и одновременно нежные наручники придадут предварительным ласкам и сексу особую пикантность и новизну. Обхват - 5,5-8 см.;Gopaldas;E0014C20PGAC;1068.00;561.92;1;72;2;;леопард;356;искусственный мех;;картонная коробка;120;http://feed.p5s.ru/images/small/0/small_352.jpg;http://feed.p5s.ru/images/big/0/352.jpg;;;;;6,95E+12
384;Смазки, лубриканты;На водной основе;Гель-лубрикант на водной основе Wet Original - 89 мл.;Высококлассный лубрикант на водной основе. Без парабенов. Содержит в себе 48% воды и 46% глицерина. Не содержит сахар. Не оставляет пятен. Без запаха, без цвета. Рекомендуется для чувствительной кожи. Совместим с латексом и любыми игрушками, материалами. Прекрасно устраняет сухость, продлевает комфортное скольжение благодаря своей густой и вязкой структуре. Кожа дольше остается влажной, благодаря чему увеличивается время полового акта. ;Wet International Inc.;20346;1558.00;819.96;1;30;2;;;388;;;флакон;200;http://feed.p5s.ru/images/small/0/small_384.jpg;http://feed.p5s.ru/images/big/0/384.jpg;;;;;7,16E+11
385;Смазки, лубриканты;На водной основе;Гель-лубрикант на водной основе Wet Original - 178 мл.;Высококлассный лубрикант на водной основе. Без парабенов. Содержит в себе 48% воды и 46% глицерина. Не содержит сахар. Не оставляет пятен. Без запаха, без цвета. Рекомендуется для чувствительной кожи. Совместим с латексом и любыми игрушками, материалами. Прекрасно устраняет сухость, продлевает комфортное скольжение благодаря своей густой и вязкой структуре. Кожа дольше остается влажной, благодаря чему увеличивается время полового акта. ;Wet International Inc.;20347;1886.00;992.46;1;30;2;;;389;;;флакон;169;http://feed.p5s.ru/images/small/0/small_385.jpg;http://feed.p5s.ru/images/big/0/385.jpg;;;;;7,16E+11
416;БАДы;Возбуждающие для всех;Средство для повышения сексуальной энергии EROTISIN - 10 мл.;Средство (афродизиак) для повышения сексуальной энергии для мужчин и женщин. Эрозитин расширяет кровеносные сосуды, тем самым улучшает кровоснабжение половых органов. Активирует выделение гормонов, усиливает эрекцию и половое влечение у лиц ведущих активную половую жизнь, а так же у людей преклонного возраста. Эротизин — сексуальная энергия для него и для нее! ;Milan Arzneimittel GmbH;16;2592.00;1440.24;0;0;3;;;420;;;картонная коробка;;http://feed.p5s.ru/images/small/0/small_416.jpg;http://feed.p5s.ru/images/big/0/416.jpg;;;;;4,03E+12
417;БАДы;Возбуждающие для всех;Средство для повышения сексуальной энергии Erotisin - 30 драже (430 мг.);Комплекс из известных и проверенных афродизиаков, входящих в состав добавки, пробуждают чувственность и сексуальную энергию мужчин и женщин. Эротизин разжигает былую страсть, ускоряет наступление возбуждения, помогает достичь новых пиков наслаждения.   Для чего: Для повышения либидо, при сексуальной дисгармонии пар.  Для кого: Для мужчин и женщин, которые стремятся получить более яркие ощущения от секса, повысить либидо, укрепить отношения.    Противопоказания: индивидуальная непереносимость компонентов, беременность, кормление грудью, повышенная нервная возбудимость, бессонница, повышенное артериальное давление, прием в вечернее время, нарушение сердечной деятельности, выраженный атеросклероз. Перед применением рекомендуется проконсультироваться с врачом. ;Milan Arzneimittel GmbH;17;2684.00;1490.93;1;5;2;;;421;;;картонная коробка;30;http://feed.p5s.ru/images/small/0/small_417.jpg;http://feed.p5s.ru/images/big/0/417.jpg;http://feed.p5s.ru/images/big/0/417-1.jpg;http://feed.p5s.ru/images/big/0/417-2.jpg;http://feed.p5s.ru/images/big/0/417-3.jpg;;4,03E+12
428;Смазки, лубриканты;Пролонгаторы;Пролонгирующий крем Men Stop-Stop - 18 мл.;Превосходное средство с охлаждающим эффектом, предупреждающее преждевременную эякуляцию, с деликатным запахом. Применяется только мужчиной  не снижая остроты ощущений уменьшает чувствительность головки, тем самым способствуя продлению полового акта до момента достижения оргазма партнершей.  Перед применением обязательно прочитайте инструкцию, приложенную к препарату.;Inverma;50400;1771.00;932.00;1;10;2;;;432;;;туба;30;http://feed.p5s.ru/images/small/0/small_428.jpg;http://feed.p5s.ru/images/big/0/428.jpg;;;;;4,03E+12
486;Вибраторы;Реалистики;Вибромассажер-реалистик телесного цвета на присоске The Realistic Cock Vibrating 6” - 21,6 см.;Реалистичные формы, упругость, мощная мультискоростная вибрация, удобство использования… Всё это качества The Realistic Cock Vibrating – вибратора, способного открыть вам райское наслаждение!  Закрепите фаллос на твёрдой поверхности, например, стуле, и позвольте ему проникнуть в лоно до самой мошонки. Скольжение и трепет тельца заведут вас с пол-оборота, а затем доведут до пика блаженства! Рабочая длина - 16,5 см. ;Doc Johnson;1156-01-BX;9117.00;5882.04;1;8;2;;телесный;490;поливинилхлорид (ПВХ, PVC);2 шт., тип AA;картонная коробка;510;http://feed.p5s.ru/images/small/0/small_486.jpg;http://feed.p5s.ru/images/big/0/486.jpg;http://feed.p5s.ru/images/big/0/486-1.jpg;http://feed.p5s.ru/images/big/0/486-2.jpg;;;7,82E+11
515;Страпоны, фаллопротезы;Трусики и насадки;Трусики со штырьком для фиксации насадок Ultra Harness with Plug;Перед вами - инструмент наслаждения, по крайней мере, главная его часть.  С этими трусиками с прорезью, надеть которые может как женщина, так и мужчина, вам доступны самые чувственные ласки!   И для этого необходимо лишь закрепить на штырьке любую из насадок Harness (приобретаются отдельно). ;Doc Johnson;1010-02-BX;5888.00;3364.36;1;3;2;;черный;519;полиэстер;;картонная коробка;480;http://feed.p5s.ru/images/small/0/small_515.jpg;http://feed.p5s.ru/images/big/0/515.jpg;http://feed.p5s.ru/images/big/0/515-1.jpg;http://feed.p5s.ru/images/big/0/515-2.jpg;;;7,82E+11
521;Страпоны, фаллопротезы;Трусики и насадки;Крупная насадка Vac-U-Lock Realistic Kong - 23 см.;Этот фаллос с волосками на мошонке не зря носит имя Конга. Он, как и положено гигантам, крепок и способен подарить сильные сексуальные переживания!  Насадка, совместимая с любыми трусиками Harness(приобретаются отдельно), готова максимально заполнять собой лоно, чувственно раздвигать стеночки, а также настойчиво дразнить вас скольжением.  Конг – ваш любимый великан!  Рабочая длина - 18,8 см.;Doc Johnson;1015-17-BX;8529.00;4873.97;1;9;2;;телесный;525;поливинилхлорид (ПВХ, PVC);;картонная коробка;690;http://feed.p5s.ru/images/small/0/small_521.jpg;http://feed.p5s.ru/images/big/0/521.jpg;http://feed.p5s.ru/images/big/0/521-1.jpg;http://feed.p5s.ru/images/big/0/521-2.jpg;http://feed.p5s.ru/images/big/0/521-3.jpg;http://feed.p5s.ru/images/big/0/521-4.jpg;7,82E+11
522;Страпоны, фаллопротезы;Трусики и насадки;Реалистичная насадка 7  Realistic Perfect Erect Cock - 18,5 см.;Этот реалистичный фаллос с юношеской эрекцией и поджатой мошонкой может подарить море наслаждения каждой женщине.  Стоит ввести его в лоно, чтобы голова распухла от нескромных фантазий, а кровь закипела от возбуждения.  Закрепив насадку на трусиках Harness (приобретаются отдельно), вы можете использовать получившийся страпон для удовлетворения своей сексуальной партнёрши – будет жарко! ;Doc Johnson;1015-18-BX;7061.00;4034.75;1;10;2;;телесный;526;поливинилхлорид (ПВХ, PVC);;картонная коробка;387;http://feed.p5s.ru/images/small/0/small_522.jpg;http://feed.p5s.ru/images/big/0/522.jpg;http://feed.p5s.ru/images/big/0/522-1.jpg;http://feed.p5s.ru/images/big/0/522-2.jpg;http://feed.p5s.ru/images/big/0/522-3.jpg;http://feed.p5s.ru/images/big/0/522-4.jpg;7,82E+11
525;Страпоны, фаллопротезы;Женские страпоны;Насадка с трусиками Vac-U-Lock Set 7  Realistic Ultra Harness - 17,3 см.;Страпон, состоящий из трусиков-унисекс со штырьком и насадки-фаллоса, - идеальное решение для пар, решивших привнести в интимную близость элемент новизны.  Мужчина, затянув трусики на бёдрах и продев свой пенис в вырез ниже насадки, сможет порадовать партнёршу как двойным проникновением, так и долгой вагинальной стимуляцией.  Женщина, проделав почти то же самое (у неё ведь нет пениса), примерит на себя роль секс-лидера, а также будет в состоянии подарить анальные/вагинальные ласки пассивному партнёру/партнёрше. Рабочая длина - 15,7 см.;Doc Johnson;1050-02-BX;11977.00;7726.85;1;1;2;;телесный;529;поливинилхлорид (ПВХ, PVC);;картонная коробка;575;http://feed.p5s.ru/images/small/0/small_525.jpg;http://feed.p5s.ru/images/big/0/525.jpg;http://feed.p5s.ru/images/big/0/525-1.jpg;http://feed.p5s.ru/images/big/0/525-2.jpg;http://feed.p5s.ru/images/big/0/525-3.jpg;;7,82E+11
655;Страпоны, фаллопротезы;Трусики и насадки;Насадка-фаллос телесного цвета - 16,3 см.;У этой реалистичной секс-игрушки из материала ПВХ-силикон такой потенциал! С одной стороны, это фаллоимитатор, способный покорить любую своей упругостью и формами. С другой, это всё же насадка, которую можно без усилий надёжно зафиксировать на плуге специальных трусиков (продаются отдельно).  Дилдо или, в паре с трусиками Harness, страпон - решать лишь вам!  ;Джага-Джага;203-02 BX DD;1307.00;687.83;1;1;2;;телесный;659;ПВХ-силикон;;картонная коробка;260;http://feed.p5s.ru/images/small/0/small_655.jpg;http://feed.p5s.ru/images/big/0/655.jpg;http://feed.p5s.ru/images/big/0/655-1.jpg;http://feed.p5s.ru/images/big/0/655-2.jpg;;;4,62E+12
656;Страпоны, фаллопротезы;Трусики и насадки;Насадка-фаллос телесного цвета - 17 см.;Нежно-розовая и чётко очерченная головка, упругое тельце с напряжёнными венками… Одного взгляда на эту секс-игрушку из материала ПВХ-силикон достаточно, чтобы в голове пронеслись сотни сексуальных фантазий!  С этой реалистичной насадкой можно часами наслаждаться вагинальными ласками. Если же насадить её на плуг трусиков Harness (продаются отдельно), получится страпон, а значит, и новые варианты сексуальных игр.  ;Джага-Джага;203-05 BX DD;1307.00;687.83;1;3;2;;телесный;660;ПВХ-силикон;;картонная коробка;330;http://feed.p5s.ru/images/small/0/small_656.jpg;http://feed.p5s.ru/images/big/0/656.jpg;http://feed.p5s.ru/images/big/0/656-1.jpg;http://feed.p5s.ru/images/big/0/656-2.jpg;http://feed.p5s.ru/images/big/0/656-3.jpg;;4,62E+12
672;Вибраторы;Анально-вагинальные;Двойной анально-вагинальный вибромассажер Xcel - 25 см.;Этот стимулятор позволит вам понять в полной мере, каким сладким может быть двойное проникновение. Один отросток – гладкий фаллос с чуть загнутой головкой, второй – анальная ёлочка из сросшихся друг с другом шариков.  Введите одновременно оба отростка в глубины вашего тела, чтобы получить максимальное удовольствие. Мощная вибрация, распространяющаяся по всей длине стимулятора, значительно приумножит наслаждение. Длина вагинального отростка - 13 см., диаметр - 2,5 см.  Длина вагинального отростка - 13 см., диаметр - 2 см. ;Seven Creations;2K329CLV BCD GP;2135.00;1185.92;1;49;2;;фиолетовый;676;поливинилхлорид (ПВХ, PVC);2 шт., тип AA;блистер;320;http://feed.p5s.ru/images/small/0/small_672.jpg;http://feed.p5s.ru/images/big/0/672.jpg;http://feed.p5s.ru/images/big/0/672-1.jpg;;;;4,89E+12
716;Страпоны, фаллопротезы;Трусики и насадки;Реалистичная насадка Vac-U-Lock Realistic Stryker - 22,86 см.;Эта насадка, подходящая ко всем трусикам Harness (приобретаются отдельно), поражает своей реалистичностью. Что на вид, что на ощупь, её не отличить от мужского члена!  Что примечательно, этот фаллос сделан со слепка пениса известного американского актёра ХХХ-жанра Джеффа Страйкера.  Теперь, используя секс-игрушку самостоятельно или в качестве страпона, вы в полной мере сможете насладиться сексом со звездой!  Рабочая длина - 18,8 см.;Doc Johnson;1015-16-BX;8529.00;4873.97;1;15;2;;телесный;720;поливинилхлорид (ПВХ, PVC);;картонная коробка;480;http://feed.p5s.ru/images/small/0/small_716.jpg;http://feed.p5s.ru/images/big/0/716.jpg;http://feed.p5s.ru/images/big/0/716-1.jpg;;;;7,82E+11
725;Фаллоимитаторы;Классические дилдо;Розовый прозрачный гелевый фаллоимитатор Сristal Jellies - 20 см.;Перед вами настоящая секс-игрушка для девушек! Нежно-розовый гель, аппетитные формы, реалистичный рельеф и податливость…  Ммм, ради ласки такого «мужчины» можно отложить любые дела! Проникая в лоно и аккуратно массируя стеночки, дилдо заставит вас двигаться бёдрами ему навстречу – неистово и со всей страстью!  ;Doc Johnson;0285-01-CD;2628.00;1459.95;1;28;2;;розовый;729;Cyber-jellee;;блистер;315;http://feed.p5s.ru/images/small/0/small_725.jpg;http://feed.p5s.ru/images/big/0/725.jpg;http://feed.p5s.ru/images/big/0/725-1.jpg;;;;7,82E+11
727;Фаллоимитаторы;Двусторонние;Двухсторонний гелевый фаллоимитатор Crystal Jellies 12  Jr. Double Dong - 30,5 см.;Гелевый фаллоимитатор с максимально реалистичным рельефом, который повторяет скульптуру эрегированного пениса. Он сделан из прозрачного материала. Качественный и надёжный. Двусторонний и благодаря этой особенности вы получите максимальное удовольствие и наслаждение от процесса. Фаллоимитатор без вибрации и выполняет роль вагинального стимулятора.  ;Doc Johnson;0287-01-CD;3415.00;1896.95;1;10;2;;розовый;731;поливинилхлорид (ПВХ, PVC);;блистер;435;http://feed.p5s.ru/images/small/0/small_727.jpg;http://feed.p5s.ru/images/big/0/727.jpg;http://feed.p5s.ru/images/big/0/727-1.jpg;;;;7,82E+11
729;Анальные игрушки;Анальные стимуляторы без вибрации;Фиолетовая анальная ёлочка SpectraGels Purple Anal Tool - 17,5 см.;Хороводы вокруг этой фиолетовой «ёлочки» доставят вам массу наслаждения! Позвольте стимулятору войти в вашу попку, погрузиться в вас до самого основания.  Упругая и мягкая, расширяющаяся книзу, втулка заставит трепетать от удовольствия каждую клеточку вашего ануса! Спорим, вам будет хотеться еще и еще? Рабочая длина - 13 см.;Doc Johnson;0290-01-CD;2177.00;1209.19;1;33;2;;фиолетовый;733;поливинилхлорид (ПВХ, PVC);;блистер;170;http://feed.p5s.ru/images/small/0/small_729.jpg;http://feed.p5s.ru/images/big/0/729.jpg;http://feed.p5s.ru/images/big/0/729-1.jpg;;;;7,82E+11
810;Смазки, лубриканты;Пролонгаторы;Крем для мужчин INVERMA HERREN CREME - 20 мл.;Супер-крем для усиления мужской эрекции.После определенного возраста многие мужчины отмечают ухудшение эректильной функции, снижение либидо. Немецкие ученые разработали группу продуктов INVERMA, которые способствуют повышению потенции, и тем самым улучшают качество сексуальной жизни мужчин после 30 лет.   Опрос показал, что мужчины, использовавшие крем INVERMA HERREN CREME однократно перед половым актом отмечали улучшение эрекции, те же, кто использовал крем курсом отметили качественное улучшение потенции, стабильную эрекцию и более яркий и долгий оргазм.Усиливает интенсивность ощущений, дает незамедлительный эффект, предотвращающий ослабление эрекции в течение продолжительного времени.  Максимальный эффект достигается при курсовом применении. Специальные компоненты, входящие в состав крема, благотворно влияют на эректильную функию. При регулярном применении обеспечивается сильная и стабильная эрекция. Не имеет побочных эффектов.  Перед применением внимательно прочитайте инструкцию.;Inverma;52300;2135.00;1185.90;1;25;2;;;814;;;картонная коробка;40;http://feed.p5s.ru/images/small/0/small_810.jpg;http://feed.p5s.ru/images/big/0/810.jpg;;;;;4,03E+12
891;Вибраторы;Реалистики;Вибратор с мошонкой №1 - 18,5 см.;Его зовут Номер 1, и это имя полностью отражает его сущность. Идеальный во всём – в реалистичных формах и мощной вибрации – он способен стать вашим лучшим любовником!  Чувственно проникая в лоно и массируя стеночки (заслуга упругого тельца с рельефом), вибратор из ультрареалистичного материала ЭКОй заведёт вас с первых же секунд вибрации.  ;Джага-Джага;202-01 BX DD;1874.00;986.07;1;5;2;;телесный;895;ЭКОй;2 шт., тип AA;картонная коробка;455;http://feed.p5s.ru/images/small/0/small_891.jpg;http://feed.p5s.ru/images/big/0/891.jpg;http://feed.p5s.ru/images/big/0/891-1.jpg;http://feed.p5s.ru/images/big/0/891-2.jpg;http://feed.p5s.ru/images/big/0/891-3.jpg;;4,62E+12
892;Вибраторы;Реалистики;Вибратор с клиторальными шипами №10 - 17 см.;У этого вибратора со встроенным пультом есть все шансы завоевать вашу любовь. Только взгляните на упругое тельце с розовой головкой и вздувшимися венками из материала ЭКОй.  Только пройдитесь пальчиками по ним и шипам на основании, способным нежно касаться клитора при каждом погружении.  Добавьте к этому мощную вибрацию, чтобы понять – когда в ваших руках этот вибромассажёр, без удовольствия вам никак не остаться.  ;Джага-Джага;202-10 BX DD;1874.00;986.07;1;1;2;;телесный;896;ЭКОй;2 шт., тип AA;картонная коробка;310;http://feed.p5s.ru/images/small/0/small_892.jpg;http://feed.p5s.ru/images/big/0/892.jpg;http://feed.p5s.ru/images/big/0/892-1.jpg;http://feed.p5s.ru/images/big/0/892-2.jpg;http://feed.p5s.ru/images/big/0/892-3.jpg;;4,62E+12
893;Вибраторы;Реалистики;Вибратор-реалистик с мошонкой №2 - 16,3 см.;Когда розовая головка этого вибромассажёра из материала ЭКОй касается входа в лоно, тело будто пронзает электрический заряд. Каждая клеточка загорается предвкушением будущей ласки!  Вибратор, выполненный из реалистичного на ощупь материала и повторяющий анатомические формы мужского члена, быстро доведёт вас до сексуальной разрядке и пикового «о, да!»  ;Джага-Джага;202-02 BX DD;1874.00;986.07;1;2;2;;телесный;897;ЭКОй;2 шт., тип AA;картонная коробка;360;http://feed.p5s.ru/images/small/0/small_893.jpg;http://feed.p5s.ru/images/big/0/893.jpg;http://feed.p5s.ru/images/big/0/893-1.jpg;http://feed.p5s.ru/images/big/0/893-2.jpg;http://feed.p5s.ru/images/big/0/893-3.jpg;;4,62E+12
894;Вибраторы;Реалистики;Реалистичный фаллос с вибрацией №3 - 17 cм. ;В основании – встроенный пульт, позволяющий управлять вибрацией одним движением пальцев. Выше – упругое тельце с венками, бархатистое на ощупь, как живая кожа.  Венчает всю эту красоту аккуратная розовая головка, способная проникать в самые дальние уголки лона и нежно массировать стеночки.  Чувственные касания, мощная, всюду проникающая вибрация… Не вибратор, а кладезь удовольствия!  ;Джага-Джага;202-03 BX DD;1874.00;986.07;1;2;2;;телесный;898;ЭКОй;2 шт., тип AA;картонная коробка;325;http://feed.p5s.ru/images/small/0/small_894.jpg;http://feed.p5s.ru/images/big/0/894.jpg;http://feed.p5s.ru/images/big/0/894-1.jpg;http://feed.p5s.ru/images/big/0/894-2.jpg;http://feed.p5s.ru/images/big/0/894-3.jpg;;4,62E+12
898;Фаллоимитаторы;Классические дилдо;Фаллоимитатор гелевый с присоской на основании - 17 см.;Этот гелевый фаллоимитатор, бесспорно, подарит вам массу сильных ощущений. Нежно-малиновый дилдо дарует вам истинное наслаждения, проникая в лоно и скользя там так нежно.  Мягкое, но при этом упругое тельце фаллоса проникнет в вас так глубоко и трепетно, как никто ранее. Использование этого рельефного красавца для вагинальной стимуляции гарантированно обернется ярчайшей разрядкой.  ;Джага-Джага;311-03 BX DD;1565.00;823.46;1;5;2;;красный;902;гель;;картонная коробка;370;http://feed.p5s.ru/images/small/0/small_898.jpg;http://feed.p5s.ru/images/big/0/898.jpg;http://feed.p5s.ru/images/big/0/898-1.jpg;http://feed.p5s.ru/images/big/0/898-2.jpg;http://feed.p5s.ru/images/big/0/898-3.jpg;http://feed.p5s.ru/images/big/0/898-4.jpg;4,62E+12
899;Фаллоимитаторы;Классические дилдо;Рельефный гелевый фаллоимитатор на присоске - 20 см.;Этот фаллоимитатор можно назвать эталоном. Каждая из его характеристик идёт с приставками типа гипер-, мега- или экстра-.  Во-первых, это действительно яркий дизайн: реалистик выполнен из малинового геля. Во-вторых, это впечатляющие размеры: один вид приводит в сексуальный трепет. В-третьих, ярко выраженный рельеф и нежная поверхность: касания этого дилдо 100 % будут чувственными.  Плюс ко всему, секс-игрушка имеет присоску, позволяющую зафиксировать её на любой жесткой поверхности. Теперь и позиций для секс-утех не счесть!   ;Джага-Джага;311-09 BX DD;1563.00;822.60;1;7;2;;красный;903;гель;;картонная коробка;410;http://feed.p5s.ru/images/small/0/small_899.jpg;http://feed.p5s.ru/images/big/0/899.jpg;http://feed.p5s.ru/images/big/0/899-1.jpg;http://feed.p5s.ru/images/big/0/899-2.jpg;http://feed.p5s.ru/images/big/0/899-3.jpg;http://feed.p5s.ru/images/big/0/899-4.jpg;4,62E+12
900;Фаллоимитаторы;Реалистичные;Фаллоимитатор гелевый на присоске с шипами на основании - 17 см.;Когда под рукой есть этот гелевый фаллоимитатор, весь мир покажется радужным и светлым. Всё благодаря тем сильным и очень приятным ощущениям, что получит женщина при проникновении малинового дилдо в лоно.  Большой, со слегка загнутой головкой, он будет погружаться в вас так нежно и чувственно. Маленькие шипы на основании будут касаться клитора при каждом введении, а значит, фаллоимитатор будет воздействовать на несколько эрогенных зон сразу.  ;Джага-Джага;311-10 BX DD;1565.00;823.46;1;4;2;;красный;904;гель;;картонная коробка;360;http://feed.p5s.ru/images/small/0/small_900.jpg;http://feed.p5s.ru/images/big/0/900.jpg;http://feed.p5s.ru/images/big/0/900-1.jpg;http://feed.p5s.ru/images/big/0/900-2.jpg;http://feed.p5s.ru/images/big/0/900-3.jpg;;4,62E+12
901;Фаллоимитаторы;Анально-вагинальные;Малиновый гелевый анально-вагинальный фаллоимитатор на присоске - 14 см.;Этот малиновый дилдо заставит вас стонать от удовольствия. Еще бы, трудно сдерживать эмоции во время двойного проникновения. Ощущать внутри себя два фаллоса сразу с большими головками и рельефными основаниями  - это так захватывающе.  Для удобства использования двойной фаллоимитатор из геля крепится на присоске. Вам наверняка понравится насаживаться на него сверху, контролировать темп и глубину проникновений.  Длина анального фаллоса - 12 см. Диаметр анального фаллоса - 2,5 см.;Джага-Джага;311-08 BX DD;1565.00;823.46;1;4;2;;малиновый;905;гель;;картонная коробка;390;http://feed.p5s.ru/images/small/0/small_901.jpg;http://feed.p5s.ru/images/big/0/901.jpg;http://feed.p5s.ru/images/big/0/901-1.jpg;http://feed.p5s.ru/images/big/0/901-2.jpg;http://feed.p5s.ru/images/big/0/901-3.jpg;http://feed.p5s.ru/images/big/0/901-4.jpg;4,62E+12
902;Фаллоимитаторы;Анально-вагинальные;Фаллоимитатор гелевый для анально-вагинальной стимуляции - 17 см.;Когда тело просит ласки, не стоит отказывать себе в удовольствии. Этот малиновый фаллоимитатор из геля поможет вам расслабиться и получить яркую разрядку за считанные минуты.  Гладкие, упругие отростки с рельефом в виде складочек и венок будут одновременно погружаться в вагину и анус, заставляя вас дрожать от желания. Присоска на основании поможет зафиксировать дилдо на тумбе, стуле или полу, что значительно расширит количество позиций для самоудовлетворения.  Длина анального фаллоса - 12 см. Диаметр анального фаллоса - 2,5 см. ;Джага-Джага;311-11 BX DD;1565.00;823.46;1;6;2;;красный;906;гель;;картонная коробка;425;http://feed.p5s.ru/images/small/0/small_902.jpg;http://feed.p5s.ru/images/big/0/902.jpg;http://feed.p5s.ru/images/big/0/902-1.jpg;http://feed.p5s.ru/images/big/0/902-2.jpg;http://feed.p5s.ru/images/big/0/902-3.jpg;http://feed.p5s.ru/images/big/0/902-4.jpg;4,62E+12
904;Вибраторы;Реалистики;Реалистичный вибратор с мошонкой №1 - 18,5 см.;Касаясь этого вибратора  в темноте, можно с лёгкостью спутать его с членом мужчине. Такой же упругий и бархатистый на ощупь, с теми же реалистичными формами…ох!  Включив вибрацию и направив игрушку из ЭКОй вглубь лона, вы разбудите каждую клеточку своего тела. Проникновение за проникновением, и вот уже с губ срывается сладкое «ммм, даа!».  ;Джага-Джага;102-01 BX DD;1799.00;946.93;1;3;2;;телесный;908;ЭКОй;2 шт., тип AA;картонная коробка;455;http://feed.p5s.ru/images/small/0/small_904.jpg;http://feed.p5s.ru/images/big/0/904.jpg;http://feed.p5s.ru/images/big/0/904-1.jpg;http://feed.p5s.ru/images/big/0/904-2.jpg;http://feed.p5s.ru/images/big/0/904-3.jpg;;4,62E+12
905;Вибраторы;Реалистики;Вибратор с мошонкой №2 телесного цвета - 16,3 см.;Этот вибромассажёр из материала ЭКОй полностью повторяет анатомические формы мужского члена. Чётко очерченная головка, упругое тельце и узор из напряжённых вен… Ощущая игрушку внутри лона, трудно сдержать рвущийся наружу стон наслаждения. Если же наполнить проникновения вибрацией, фантазий о плотской любви уже не сдержать!  ;Джага-Джага;102-02 BX DD;1799.00;946.93;1;4;2;;телесный;909;ЭКОй;2 шт., тип AA;картонная коробка;365;http://feed.p5s.ru/images/small/0/small_905.jpg;http://feed.p5s.ru/images/big/0/905.jpg;http://feed.p5s.ru/images/big/0/905-1.jpg;http://feed.p5s.ru/images/big/0/905-2.jpg;http://feed.p5s.ru/images/big/0/905-3.jpg;;4,62E+12
906;Вибраторы;Реалистики;Вибратор телесного цвета №3 - 17 см.;Взяв в руки этот телесный вибратор-реалистик со встроенным пультом, понимаешь, что с ним вам не захочется расставаться ни на секунду.  Приятный, чуть бархатистый на ощупь (заслуга инновационного материала ЭКОй), он порадует вас мощной вибрацией и экстра чувственными проникновениями в лоно.  Маленькая упругая головка, складочки и венки на тельце… №3 – номер один в удовлетворении плотских желаний.  ;Джага-Джага;102-03 BX DD;1799.00;946.93;1;4;2;;телесный;910;ЭКОй;2 шт., тип AA;картонная коробка;315;http://feed.p5s.ru/images/small/0/small_906.jpg;http://feed.p5s.ru/images/big/0/906.jpg;http://feed.p5s.ru/images/big/0/906-1.jpg;http://feed.p5s.ru/images/big/0/906-2.jpg;http://feed.p5s.ru/images/big/0/906-3.jpg;;4,62E+12
907;Вибраторы;Реалистики;Вибратор с мошонкой №4 - 16,7 см.;Этот «мужчина» из материала ЭКОй не разочарует, оказавшись в плену вашего лона.  Мощно вибрируя, нежно массируя стеночки своим упругим тельцем и чувственно исследуя головкой самые дальние уголки, он заставит вас извиваться от нахлынувшего возбуждения.  Вас покорят его реалистичные формы, бархатистая поверхность и пламенный мотор, управлять которым вы сможете при помощи встроенного пульта.  ;Джага-Джага;102-04 BX DD;1799.00;946.93;1;3;2;;телесный;911;ЭКОй;2 шт., тип AA;картонная коробка;390;http://feed.p5s.ru/images/small/0/small_907.jpg;http://feed.p5s.ru/images/big/0/907.jpg;http://feed.p5s.ru/images/big/0/907-1.jpg;http://feed.p5s.ru/images/big/0/907-2.jpg;http://feed.p5s.ru/images/big/0/907-3.jpg;;4,62E+12
908;Вибраторы;Реалистики;Вибратор реалистичной формы №5 с мошонкой - 17 см.;Грусть-тоска, всё раздражает? Номер 5 – то, что доктор прописал! Вибратор, имитирующий по форме эрегированный член с поджатой мошонкой, способен подарить вам море позитивных эмоций и ярких сексуальных переживаний.  Для этого достаточно включить вибрацию поворотом встроенного пульта, а после – погрузить упругое тельце с чётко очерченной головкой в лоно.  Трепет телесной игрушки из материала ЭКОй вкупе с чувственным массажем стеночек заставит всё ваше тело пылать от желания!  ;Джага-Джага;102-05 BX DD;1799.00;946.93;1;1;2;;телесный;912;ЭКОй;2 шт., тип AA;картонная коробка;400;http://feed.p5s.ru/images/small/0/small_908.jpg;http://feed.p5s.ru/images/big/0/908.jpg;http://feed.p5s.ru/images/big/0/908-1.jpg;http://feed.p5s.ru/images/big/0/908-2.jpg;http://feed.p5s.ru/images/big/0/908-3.jpg;;4,62E+12
909;Вибраторы;Реалистики;Вибратор реалистик N9 без мошонки - 20 см.;Такой большой, такой напряженный… От одного взгляда на этот вибратор лоно начинает пульсировать от нетерпения. И неспроста, ведь ощущение, когда этот крепыш двигается и неистово вибрирует внутри вашего тела, просто божественное!  Вам удастся почувствовать и напряженные венки, и крупную головку, и мультискоростную вибрацию. №9, выполненный из материала ЭКОй, станет номером один в вашей коллекции секс-игрушек.  ;Джага-Джага;102-09 BX DD;1799.00;946.93;1;4;2;;телесный;913;ЭКОй;2 шт., тип AA;картонная коробка;345;http://feed.p5s.ru/images/small/0/small_909.jpg;http://feed.p5s.ru/images/big/0/909.jpg;http://feed.p5s.ru/images/big/0/909-1.jpg;http://feed.p5s.ru/images/big/0/909-2.jpg;http://feed.p5s.ru/images/big/0/909-3.jpg;;4,62E+12
910;Вибраторы;Реалистики;Вибратор-реалистик №10 с усиками - 17 см.;В этом вибраторе совершенна каждая деталь. Весь его вид манит прикоснуться, а после – ввести в своё лоно.  Выполненный из ультрареалистичного материала ЭКОй телесного цвета, он точно повторяет анатомические формы мужского фаллоса.  За парой исключений – в виде мощной вибрации и мягоньких шипов у основания, гарантирующих нежное воздействие на клитор во время ласк.  ;Джага-Джага;102-10 BX DD;1799.00;946.93;1;2;2;;телесный;914;ЭКОй;2 шт., тип AA;картонная коробка;305;http://feed.p5s.ru/images/small/0/small_910.jpg;http://feed.p5s.ru/images/big/0/910.jpg;http://feed.p5s.ru/images/big/0/910-1.jpg;http://feed.p5s.ru/images/big/0/910-2.jpg;http://feed.p5s.ru/images/big/0/910-3.jpg;;4,62E+12
911;Фаллоимитаторы;Классические дилдо;Фаллоимитатор на присоске №3 - 17 см.;Чтобы получить массу приятных ощущений, нужен лишь он – номер три! Стимулятор, выполненный в форме фаллоса из телесного и реалистичного на ощупь материала ЭКОй, подарит самые чувственные проникновения в лоно.  Для того чтобы пользование упругой игрушкой было более приятным, рекомендуем зафиксировать её на кафеле в ванной или любой другой твёрдой ровной поверхности при помощи присоски. Так вы сможете задавать ритм, не пользуясь руками…ммм!  ;Джага-Джага;101-03 BX DD;1474.00;775.63;1;6;2;;телесный;915;ЭКОй;;картонная коробка;365;http://feed.p5s.ru/images/small/0/small_911.jpg;http://feed.p5s.ru/images/big/0/911.jpg;http://feed.p5s.ru/images/big/0/911-1.jpg;http://feed.p5s.ru/images/big/0/911-2.jpg;http://feed.p5s.ru/images/big/0/911-3.jpg;http://feed.p5s.ru/images/big/0/911-4.jpg;4,62E+12
912;Фаллоимитаторы;Анально-вагинальные;Двойной фаллоимитатор на присоске №8 - 13,5 см.;Можно мечтать о сексе в формате М-Ж-М, а можно заняться им, не привлекая кого-либо извне. Этот двойной стимулятор из материала ЭКОй, оснащённый присоской для фиксации на любой ровной твёрдой поверхности, подарит вам чувственные анально-вагинальные проникновения.  Пока один фаллос находится в лоне, второй, что поменьше, растягивает стеночки ануса. Экспериментируйте с комфортом, задавайте любой по интенсивности ритм – двойное удовольствие обязательно накроет вас с головой!  Длина анального фаллоса - 11,5 см., диаметр - 2,5 см.;Джага-Джага;101-08 BX DD;1475.00;776.52;1;4;2;;телесный;916;ЭКОй;;картонная коробка;350;http://feed.p5s.ru/images/small/0/small_912.jpg;http://feed.p5s.ru/images/big/0/912.jpg;http://feed.p5s.ru/images/big/0/912-1.jpg;http://feed.p5s.ru/images/big/0/912-2.jpg;http://feed.p5s.ru/images/big/0/912-3.jpg;http://feed.p5s.ru/images/big/0/912-4.jpg;4,62E+12
914;Фаллоимитаторы;Классические дилдо;Фаллоимитатор со стимулятором клитора №10 - 17 см.;Если этот фаллос с присоской, попав вам в руки, ласкает ладони своей бархатистой поверхностью… Что же будет, когда он окажется ТАМ?  Упругий ствол из ЭКОй с гладкой головкой и нежными шипами у основания с лёгкостью проникнет в лоно, вызвав у вас целую борю сексуальных ощущений.  Чувственные погружения, лёгкий массаж клитора… и всё это в чётко заданном вами ритме, ох!  ;Джага-Джага;101-10 BX DD;1475.00;776.52;1;5;2;;телесный;918;ЭКОй;;картонная коробка;330;http://feed.p5s.ru/images/small/0/small_914.jpg;http://feed.p5s.ru/images/big/0/914.jpg;http://feed.p5s.ru/images/big/0/914-1.jpg;http://feed.p5s.ru/images/big/0/914-2.jpg;http://feed.p5s.ru/images/big/0/914-3.jpg;;4,62E+12
915;Фаллоимитаторы;Анально-вагинальные;Анально-вагинальный фаллоимитатор с шипами на присоске №11 - 15,5 см.;Чтобы прочувствовать всю прелесть двойного проникновения, необязательно просить сексуального партнера использовать страпон или вибратор. Этот двойной фаллоимитатор из ЭКОй справится с поставленной задачей на все 100 %.  Можно держать его рукой и направлять внутрь себя под нужным углом. Либо закрепить на твердой поверхности с помощью присоски и усесться сверху.  Скольжение обоих отростков, больший из которых покрыт шипами на основании для стимуляции клитора, доставит истинное наслаждение.  Длина анального фаллоса - 12,5 см., диаметр - 2,5 см.;Джага-Джага;101-11 BX DD;1284.00;642.00;1;2;1;;телесный;919;ЭКОй;;картонная коробка;450;http://feed.p5s.ru/images/small/0/small_915.jpg;http://feed.p5s.ru/images/big/0/915.jpg;http://feed.p5s.ru/images/big/0/915-1.jpg;http://feed.p5s.ru/images/big/0/915-2.jpg;http://feed.p5s.ru/images/big/0/915-3.jpg;http://feed.p5s.ru/images/big/0/915-4.jpg;4,62E+12
917;Вибраторы;Анально-вагинальные;Двойной вибратор с усиками №11 - 17 см.;Ни один мужчина не сможет войти в вас так, как сделает этот телесный вибратор из ЭКОй. Выполненный в форме двух сросшихся у основания фаллосов – толстого и тонкого, он подарит вам одновременную стимуляцию вагины и ануса.  Когда один отросток погружается в лоно, второй сразу же оказывается в попке на той же глубине. Реалистичные формы и мощная вибрация сделают проникновения невероятно чувственными.  А шипы на основании игрушки усилят приятные ощущения за счёт массажа клитора.   Длина анального фаллоса - 12 см. Диаметр анального фаллоса - 2,5 см.;Джага-Джага;102-11 BX DD;1799.00;946.93;1;3;2;;телесный;921;ЭКОй;2 шт., тип AA;картонная коробка;395;http://feed.p5s.ru/images/small/0/small_917.jpg;http://feed.p5s.ru/images/big/0/917.jpg;http://feed.p5s.ru/images/big/0/917-1.jpg;http://feed.p5s.ru/images/big/0/917-2.jpg;http://feed.p5s.ru/images/big/0/917-3.jpg;http://feed.p5s.ru/images/big/0/917-4.jpg;4,62E+12
922;Фаллоимитаторы;Реалистичные;Телесный фаллоимитатор на присоске №2 - 16 см.;И пусть его зовут Номером Два, в деле сексуального удовлетворения  ему нет равных! Выполненный из реалистичного на ощупь материала ЭКОй, этот телесный фаллос с мошонкой покорит вас своей упругостью и нежностью проникновений.  Просто зафиксируйте его присоской на ровной твёрдой поверхности, чтобы освободить руки и бёдрами задать древний, как мир, ритм.  ;Джага-Джага;101-02 BX DD;1474.00;775.63;1;5;2;;телесный;926;ЭКОй;;картонная коробка;425;http://feed.p5s.ru/images/small/0/small_922.jpg;http://feed.p5s.ru/images/big/0/922.jpg;http://feed.p5s.ru/images/big/0/922-1.jpg;http://feed.p5s.ru/images/big/0/922-2.jpg;http://feed.p5s.ru/images/big/0/922-3.jpg;http://feed.p5s.ru/images/big/0/922-4.jpg;4,62E+12
943;Страпоны, фаллопротезы;Трусики и насадки;Анальная насадка Vac-U-Lock 7  Raging hard-On Cock - 18 см.;Достаточно закрепить эту насадку на ваших трусиках Harness (приобретаются отдельно), чтобы незамедлительно приступить к анальной стимуляции.  Гладкая поверхность, легко проникающая в анус головка и, ох, спиралевидный рельеф… С таким фаллосом в попке просто невозможно остаться неудовлетворённой!  Рабочая длина - 15,2 см.;Doc Johnson;1015-24-BX;3030.00;1683.42;1;37;2;;телесный;947;поливинилхлорид (ПВХ, PVC);;картонная коробка;480;http://feed.p5s.ru/images/small/0/small_943.jpg;http://feed.p5s.ru/images/big/0/943.jpg;http://feed.p5s.ru/images/big/0/943-1.jpg;http://feed.p5s.ru/images/big/0/943-2.jpg;http://feed.p5s.ru/images/big/0/943-3.jpg;;7,82E+11
969;Анальные игрушки;Анальные фаллоимитаторы;Розовый анальный стимулятор Crystal Jellies 6  Anal Starter - 11,9 см.;Если вам хочется действительно нежной анальной стимуляции, эта пробка в форме фаллоса подойдет вам на все 100 %.  Уже по одному цвету гелевой секс-игрушки ясно, что она – сама нежность. Анатомическая форма вкупе с гладкой поверхностью – что еще может быть приятнее?  ;Doc Johnson;0284-01-CD;2007.00;1114.83;1;14;2;;розовый;973;поливинилхлорид (ПВХ, PVC);;блистер;150;http://feed.p5s.ru/images/small/0/small_969.jpg;http://feed.p5s.ru/images/big/0/969.jpg;http://feed.p5s.ru/images/big/0/969-1.jpg;;;;7,82E+11
971;Анальные игрушки;Анальные фаллоимитаторы;Анальный фаллос Raging Hard-Ons Slimline with Suction Cup 4.5  Dong - 15,5 см.;Благодаря этому фаллосу вы поймёте, что в вашей попке осталось ещё немало неизведанных уголков.  Упругий, с маленькой гладкой головкой и вспухшими венками, стимулятор проникнет в вас глубоко и очень нежно.  Дразня рельефом тельца и погружаясь всё сильнее, он заставит вас насаживаться сверху всё быстрее и быстрее!  Рабочая длина - 10,7 см.;Doc Johnson;0279-31-CD;2208.00;1226.56;1;11;2;;телесный;975;поливинилхлорид (ПВХ, PVC);;блистер;200;http://feed.p5s.ru/images/small/0/small_971.jpg;http://feed.p5s.ru/images/big/0/971.jpg;http://feed.p5s.ru/images/big/0/971-1.jpg;;;;7,82E+11
973;Анальные игрушки;Надувные расширители;Универсальная анальная пробка-расширитель FANNY HILLS BLACK BUTT PLUG;Вы любите анальный секс? Вы только начинаете знакомство с миром анального наслаждения? Не отвечайте, ведь эта секс-игрушка подойдет всем и каждому, вне зависимости от степени его сексуальных познаний.  Эта анальная пробка подарит чувственную стимуляцию ануса благодаря немалым размерам и гладкой поверхности. Помимо этого она может увеличиваться в размера благодаря подкачке воздуха грушей, а также неистово вибрировать!  Выбирайте глубину погружения! Выбирайте степень вибрации с помощью выносного пульта ДУ! Выбирайте тот темп расширения, который более всего по нраву вашей попке! Пробуйте, узнавайте, наслаждайтесь! Максимальный диаметр - около 6,5 см.;Seven Creations;7199PMB ACHBX GP;3141.00;1744.99;0;0;3;;черный;977;поливинилхлорид, латекс;2 шт., тип AA;картонная коробка;260;http://feed.p5s.ru/images/small/0/small_973.jpg;http://feed.p5s.ru/images/big/0/973.jpg;;;;;4,89E+12
976;Вибраторы;Реалистики;Реалистичный вибратор Futurotic Ballsy Vibrating Dong 4.5  - 16 см.;Каждая деталь этой секс-игрушки обещает вам невероятные ощущения. Возбуждение появится уже в момент, когда вы просто возьмёте его в руки!  Упругий, бархатистый, рельефный... О, этот реалистичный вибратор – само совершенство!  Повторяя своими формами напряженный половой член, погружаясь в ваше лоно так чувственно, массируя его стеночки мощной вибрацией, он быстро доставит вас к вершинам наслаждения! Рабочая длина - 11,4 см. Ширина основания - 5 см. ;California Exotic Novelties;SE-0864-10-2;6496.00;3712.27;1;30;2;;телесный;980;термопластичная резина (TPR);2 шт., тип AAA;блистер;260;http://feed.p5s.ru/images/small/0/small_976.jpg;http://feed.p5s.ru/images/big/0/976.jpg;http://feed.p5s.ru/images/big/0/976-1.jpg;http://feed.p5s.ru/images/big/0/976-2.jpg;http://feed.p5s.ru/images/big/0/976-3.jpg;http://feed.p5s.ru/images/big/0/976-4.jpg;7,17E+11
979;Секс-товары для женщин;Вагинальные шарики;Четыре золотистых вагинальных шарика;Четыре вагинальных шарика со смещенным центром тяжести на мягкой сцепке, из пластика с золотистым покрытием. ;Seven Creations;7344QG BX GP;1560.00;821.28;0;0;3;;золотистый;983;анодированный пластик (ABS);;картонная коробка;480;http://feed.p5s.ru/images/small/0/small_979.jpg;http://feed.p5s.ru/images/big/0/979.jpg;http://feed.p5s.ru/images/big/0/979-1.jpg;http://feed.p5s.ru/images/big/0/979-2.jpg;;;4,89E+12
994;Секс-товары для мужчин;Мастурбаторы;Супер-мастурбатор с поступательными движениями;Этот мастурбатор компьютерного типа подарит вам супер ощущения! Войдите в узенький тоннель, покрытый сверху донизу мягкими усиками и ребрышками. При этом мягкие гелевые губки словно присосутся к лобку.  Достаточно нажать пару кнопок на выносном пульте управления, чтобы поверх тоннеля вверх и вниз стали двигаться металлические шарики. Они раззадорят вас еще больше и создадут иллюзию посасывания члена.  ;Seven Creations;2K439CBLU BX GP;6279.00;3587.98;0;0;3;;голубой;998;пластик, силикон;4 шт., тип C;картонная коробка;700;http://feed.p5s.ru/images/small/0/small_994.jpg;http://feed.p5s.ru/images/big/0/994.jpg;http://feed.p5s.ru/images/big/0/994-1.jpg;;;;4,89E+12
997;Секс-товары для женщин;Помпы для клитора;Вакуумный стимулятор клитора Vibrating Clit Massager;Эта секс-игрушка – и источник наслаждения, и настоящий тренажер для клитора! Достаточно наложить помпу на этот чувственный участок, грушей создать вакуум, а затем включить вибрацию.  Комфортный именно здесь и сейчас уровень вибрации можно выбрать при помощи выносного пульта управления. Конечно же, всё это приведёт к яркому оргазму.  Частое использование вибропомпы усиливает чувствительность клитора, а значит, способствует более быстрому наступлению сексуальной разрядки во время близости с партнером.  Работает от двух батареек типа АА. Ширина - 4 см.;Seven Creations;2K130 BX GP;2311.00;1284.12;0;0;3;;фиолетовый;1001;поливинилхлорид (ПВХ, PVC);2 шт., тип AA;картонная коробка;300;http://feed.p5s.ru/images/small/0/small_997.jpg;http://feed.p5s.ru/images/big/0/997.jpg;http://feed.p5s.ru/images/big/0/997-1.jpg;http://feed.p5s.ru/images/big/0/997-2.jpg;;;4,89E+12
998;Секс-товары для мужчин;Вакуумные помпы;Вакуумная помпа с двумя сменными насадками NEW STAY HARD PUMP CLEAR RED;Внутри этой колбы вершится настоящая магия. Поместив в неё пенис и начав нажимать рычаг, вы практически сразу же ощутите, как предмет вашей гордости начнёт увеличиваться в длину и ширину. Совсем немного усилий, и ваш член максимально напряжен и готов к сексуальному марафону! К помпе прилагаются две уплотняющие насадки, которые помогут достигнуть БОЛЬШОГО эффекта за малое время. Удобная ручка, она же рычаг, максимально упростит использование.  ;Seven Creations;2K499CRD BX GP;2546.00;1414.61;1;29;2;;красный;1002;акрил;;картонная коробка;430;http://feed.p5s.ru/images/small/0/small_998.jpg;http://feed.p5s.ru/images/big/0/998.jpg;http://feed.p5s.ru/images/big/0/998-1.jpg;;;;4,89E+12
999;Секс-товары для мужчин;Вакуумные помпы;Вакуумная помпа с тремя уплотнителями;Эта помпа, как по волшебству, делает ваш член напряженным. А всё благодаря тугим тискам у основания, которые обеспечивают любой из трех съемных уплотнителей. А также вакууму внутри колбы, созданному за считаные секунды путём откачки воздуха рычагом.  Наденьте уплотнитель. Прорвавшись сквозь него, войдите членом в колбу. Сделайте несколько качков рычагом. Наслаждайтесь переходом члена из состояния «так себе» в «ого-го!».   ;Seven Creations;2K472 BX GP;3459.00;1921.94;1;17;2;;прозрачный;1003;пластик, латекс;;картонная коробка;365;http://feed.p5s.ru/images/small/0/small_999.jpg;http://feed.p5s.ru/images/big/0/999.jpg;http://feed.p5s.ru/images/big/0/999-1.jpg;;;;4,89E+12
1001;Секс-товары для женщин;Клиторальные стимуляторы;Фиолетовая бабочка для клитора;Чтобы получить максимум удовольствия, просто закрепите это очаровательное насекомое на клиторе с помощью эластичных ремешков. Мощная вибрация за считанные минуты распалит в вас желание, а также заставит клитор увеличиться в размерах от возбуждения.  Уровень вибрации легко изменить с помощью выносного пульта управления – отвлекаться на смену настроек не придётся! Размеры бабочки - 5 х 2 см.;Seven Creations;2K132LV ACHBX GP;1738.00;914.76;1;40;1;;фиолетовый;1005;поливинилхлорид (ПВХ, PVC);2 шт., тип AA;картонная коробка;135;http://feed.p5s.ru/images/small/0/small_1001.jpg;http://feed.p5s.ru/images/big/0/1001.jpg;http://feed.p5s.ru/images/big/0/1001-1.jpg;http://feed.p5s.ru/images/big/0/1001-2.jpg;;;4,89E+12
1036;Анальные игрушки;Анальные вибраторы;Розовая анальная виброёлочка с выносным пультом - 22,9 см.;Анальный многоскоростной массажер с 5 режимами вибрации. Имеет выпуклости в виде утолщений различного диаметра по всей поверхности для лучшего массажа и стимуляции стенок ануса! Оснащен выносным пультом управления. Минимальный диаметр - 1,5 см.;Seven Creations;2K393CPR BCD GP;2539.00;1410.54;0;0;3;;розовый;1040;поливинилхлорид (ПВХ, PVC);2 шт., тип AA;блистер;180;http://feed.p5s.ru/images/small/0/small_1036.jpg;http://feed.p5s.ru/images/big/0/1036.jpg;http://feed.p5s.ru/images/big/0/1036-1.jpg;;;;4,89E+12
1044;Страпоны, фаллопротезы;Трусики и насадки;Рельефная анальная насадка Vac-U-Lock 5.5  Raging Hard-On Cock - 13,5 см.;Эта упругая насадка с волнами на тельце подарит вам чувственную стимуляцию ануса. Вас поразит то, как легко она погружается в попку, а также то, как чувственно скользит внутри!  При желании, вы сможете порадовать сильными ощущениями и своего партнёра/партнёршу. Для этого необходимо закрепить стимулятор на штырьке ваших трусиков Harness (совместим с любыми моделями Vac-u-lock).  Рабочая длина - 11,7 см.;Doc Johnson;1015-23-BX;2726.00;1514.58;1;25;2;;телесный;1048;поливинилхлорид (ПВХ, PVC);;картонная коробка;300;http://feed.p5s.ru/images/small/0/small_1044.jpg;http://feed.p5s.ru/images/big/0/1044.jpg;http://feed.p5s.ru/images/big/0/1044-1.jpg;;;;7,82E+11
1048;Страпоны, фаллопротезы;Трусики и насадки;Рельефная насадка для трусиков Vac-U-Lock 6  Raging hard-On Dong - 14,7 см.;Этот фаллос всегда готов продемонстрировать вам свои совершенные формы, порадовать вас своим волнующим рельефом.  Погружая его в лоно, вы в полной мере насладитесь идеальным скольжением и чувственной стимуляцией стеночек.  Как часть системы Harness, он совместим с любыми трусиками Vac-u-lock. Закрепите его на штырьке белья для того, чтобы получить страпон – удобный в использовании и возбуждающий одним только видом.  ;Doc Johnson;1015-25-BX;2275.00;1263.80;1;34;2;;телесный;1052;поливинилхлорид (ПВХ, PVC);;картонная коробка;180;http://feed.p5s.ru/images/small/0/small_1048.jpg;http://feed.p5s.ru/images/big/0/1048.jpg;http://feed.p5s.ru/images/big/0/1048-1.jpg;http://feed.p5s.ru/images/big/0/1048-2.jpg;http://feed.p5s.ru/images/big/0/1048-3.jpg;;7,82E+11
1050;Страпоны, фаллопротезы;Женские страпоны;Женский страпон с реалистичной насадкой - 17,5 см.;Наденьте эти эластичные трусики, и между ваших ног появится крепкий упругий пенис с реалистичным рельефом и приятной на ощупь поверхностью.  Дотронувшись до него, вы еле сдержите удивлённое «он как настоящий!». Именно так, ведь секс-игрушка сделана из материала киберскин – такого же нежного, как кожа.  Этот страпон – отличный инструмент для лесбийской любви, а также для анальных ласк ставшего пассивным сексуального партнера. Рабочая длина - 16 см.;Seven Creations;99088 ACHBX GP;4579.00;2616.60;1;8;2;;телесный;1054;поливинилхлорид (ПВХ, PVC);;картонная коробка;345;http://feed.p5s.ru/images/small/0/small_1050.jpg;http://feed.p5s.ru/images/big/0/1050.jpg;http://feed.p5s.ru/images/big/0/1050-1.jpg;http://feed.p5s.ru/images/big/0/1050-2.jpg;;;4,89E+12
1066;Страпоны, фаллопротезы;Женские страпоны;Женский страпон с вибрацией Penetrix Strap-on - 15 см.;Насладитесь ощущением полного контроля с вибрирующий страпоном Penetrix. Это одна из самых удобных моделей страпонов, предназначенная как для лесбийского секса, так и для женского доминирования.   Идеально заостренная головка искусственного члена превосходно подходит как для вагинального проникновения, так и для анального. Мультискоростная вибрация, управляемая с пульта, достигнет самых глубин вашего партнера!   Изготовленный из латекса, тонкий на конце, классический страпон Penetrix идеально подходит для новичков. Регулируемые виниловые ремешки подходят для большинства размеров. Батарейки не входят в комплект. В комплекте: страпон, тканевая маска на глаза. ;Pipedream;PD3358-21;5878.00;3358.80;1;14;2;;телесный;1073;латекс;2 шт., тип AA;картонная коробка;480;http://feed.p5s.ru/images/small/0/small_1066.jpg;http://feed.p5s.ru/images/big/0/1066.jpg;http://feed.p5s.ru/images/big/0/1066-1.jpg;http://feed.p5s.ru/images/big/0/1066-2.jpg;http://feed.p5s.ru/images/big/0/1066-3.jpg;http://feed.p5s.ru/images/big/0/1066-4.jpg;6,04E+11
1097;Секс-товары для женщин;Клиторальные стимуляторы;Клиторальный стимулятор-скорпион с эрекционным кольцом и вибропулей;Клиторальный вибростимулятор-скорпион с изгибающимся анальным фаллоимитатором. Этой модели нет аналогов - усики стимулируют клитор, холмик - вход во влагалище, а тонкий вибрирующий фаллоимитатор - лучшее, что можно себе представить для анального удовольствия! Пульт управления вибрацией выносной. Также в комплект входит эрекционное кольцо со стимулятором клитора, куда вставляется маленький микро-вибратор, и батарейки к нему. ;Topco Sales;8810A-6 CD TS;3581.00;1989.47;1;169;2;;фиолетовый;1105;поливинилхлорид (ПВХ, PVC);2 шт., тип AA;блистер;410;http://feed.p5s.ru/images/small/0/small_1097.jpg;http://feed.p5s.ru/images/big/0/1097.jpg;http://feed.p5s.ru/images/big/0/1097-1.jpg;;;;8,00E+11
1233;BDSM, садо-мазо товары;Интимные украшения;Зажим на половые губы и 2 лассо на соски с красными шариками;Чтобы выглядеть невероятно сексуальной, вам нужно не эротическое бельё, а кое-что погорячее. Например, этот оригинальный набор украшений с красными бусинами.  Два лассо на соски, маленький зажим на клитор, и мужчина обязательно восхитится красотой и нежностью ваших чувствительных местечек!  ;California Exotic Novelties;SE-2611-11-2;1885.00;1047.44;0;0;3;;красный;1274;металл;;блистер;60;http://feed.p5s.ru/images/small/0/small_1233.jpg;http://feed.p5s.ru/images/big/0/1233.jpg;http://feed.p5s.ru/images/big/0/1233-1.jpg;;;;7,17E+11
1236;Фаллоимитаторы;Реалистичные;Темнокожий фаллоимитатор The Realistic Cock ULTRASKYN - 20,57 см.;Упругий, бархатистый, податливый и чёрный… Ммм, этот фаллоимитатор разбудит сексуальные фантазии одним только видом.  Зафиксировав его присоской на твёрдой поверхности и позволив погрузиться в лоно на всю глубину, вы поймёте – ничего нет слаще этих ощущений!  Рабочая длина - 18,54 см.;Doc Johnson;0276-04-BX;9664.00;6234.61;1;10;2;;коричневый;1277;ULTRASKYN;;пластиковая коробка;530;http://feed.p5s.ru/images/small/0/small_1236.jpg;http://feed.p5s.ru/images/big/0/1236.jpg;http://feed.p5s.ru/images/big/0/1236-1.jpg;http://feed.p5s.ru/images/big/0/1236-2.jpg;http://feed.p5s.ru/images/big/0/1236-3.jpg;;7,82E+11
1438;Смазки, лубриканты;Анальные смазки;Анальная крем-смазка Creamanal АСС - 50 гр.;Силиконовая анальная крем-смазка. Дезодорирует, дезинфицирует, расслабляет мышцы ануса. За счет продолжительного скольжения повышает комфортность и степень защищенности слизистых от микротравм. Не препятствует кожному дыханию, содержит натуральные вещества. ;Биоритм;LB-50002;863.00;431.46;1;14;1;;;1374;;;туба;60;http://feed.p5s.ru/images/small/0/small_1438.jpg;http://feed.p5s.ru/images/big/0/1438.jpg;http://feed.p5s.ru/images/big/0/1438-1.jpg;;;;4,61E+12
1439;Смазки, лубриканты;Пролонгаторы;Пролонгирующий масляный интим-спрей  Гармония  - 9 мл.;Спрей-пролонгатор для продления полового акта. Действует мгновенно и эффективно. Применяется только мужчиной, не снижая остроты ощущений, уменьшает чувствительность головки, тем самым, способствуя продлению полового акта до момента достижения оргазма партнершей. Совместим с презервативами, лубрикантами, противозачаточными средствами. ;Биоритм;LB-11002;937.00;468.47;1;60;1;;;1375;;;картонная коробка;45;http://feed.p5s.ru/images/small/0/small_1439.jpg;http://feed.p5s.ru/images/big/0/1439.jpg;http://feed.p5s.ru/images/big/0/1439-1.jpg;http://feed.p5s.ru/images/big/0/1439-2.jpg;http://feed.p5s.ru/images/big/0/1439-3.jpg;http://feed.p5s.ru/images/big/0/1439-4.jpg;4,61E+12
1483;Смазки, лубриканты;На водной основе;Увлажняющий гель-смазка с провитамином В5  Услада  - 60 гр.;Безжировая смазка на водной основе без запаха, вкуса и цвета. На основе водорастворимой целлюлозы. Великолепно имитирует естественную смазку, обладает повышенным увлажняющим действием и усиленным ранозаживляющим эффектом.  Каковы основные достоинства смазки Услада? - хорошо смазывает и заживляет слизистые, - допускает длительное применение, - нормализует влагалищную микрофлору, - не пачкает белье и легко смывается водой, совместима с изделиями из латекса и любыми противозачаточными средствами, - подходит для любого возраста, - повышает надежность презерватива за счет уменьшение его натяжения. ;Биоритм;LB-10004;664.00;332.06;1;56;1;;;1421;;;картонная коробка;80;http://feed.p5s.ru/images/small/0/small_1483.jpg;http://feed.p5s.ru/images/big/0/1483.jpg;http://feed.p5s.ru/images/big/0/1483-1.jpg;http://feed.p5s.ru/images/big/0/1483-2.jpg;http://feed.p5s.ru/images/big/0/1483-3.jpg;;4,61E+12
1486;Смазки, лубриканты;Пролонгаторы;Крем-пролонгатор  Гармония Люкс  - 15 гр.;Крем-пролонгатор задерживающий эякуляцию. Легко впитывающийся крем приятной консистенции и аромата. Обладает питательным и регенерирующим действием, что особенно важно при интенсивной половой жизни. Применение крема совместимо с изделиями из резины и латекса (презерватив, искусственная вагина), а также смазками. Позволяет продлевать половую близость до 30 мин. Не снижает остроту ощущений. ;Биоритм;LB-11001;614.00;272.84;1;12;1;;;1424;;;картонная коробка;30;http://feed.p5s.ru/images/small/0/small_1486.jpg;http://feed.p5s.ru/images/big/0/1486.jpg;http://feed.p5s.ru/images/big/0/1486-1.jpg;http://feed.p5s.ru/images/big/0/1486-2.jpg;http://feed.p5s.ru/images/big/0/1486-3.jpg;;4,61E+12
1487;Смазки, лубриканты;Возбуждающие;Возбуждающий крем для мужчин  Сила Геракла  - 15 гр.;Каждому мужчине хочется, чтобы его пенис становился напряженным сразу же, как только появится желание близости. «Сила Геракла» - это возбуждающий крем, который действует очень быстро: буквально на глазах член приходит в состояние полной боевой готовности. Качественная эрекция мало того, что появится на раз-два, так еще и сохранится надолго!  В состав увлажняющего крема с легкой консистенцией входят производные витамина Р и природные масла. «Сила Геракла» одинаково хорошо увлажняет, смягчает кожу и питает.  ;Биоритм;LB-80001;454.00;201.98;1;74;1;;;1425;;;картонная коробка;20;http://feed.p5s.ru/images/small/0/small_1487.jpg;http://feed.p5s.ru/images/big/0/1487.jpg;http://feed.p5s.ru/images/big/0/1487-1.jpg;http://feed.p5s.ru/images/big/0/1487-2.jpg;http://feed.p5s.ru/images/big/0/1487-3.jpg;http://feed.p5s.ru/images/big/0/1487-4.jpg;4,61E+12
1488;Смазки, лубриканты;Пролонгаторы;Крем-пролонгатор Long Play - 15 гр.;Мужской крем длительного действия для продления полового акта. Легкий, моментально впитывающийся крем, начинающий свое тормозящее действие уже спустя 7-10 минут с момента нанесения. Этот крем применяют мужчины, которые хотят быть сильными в любви и продлить время полового акта. Крем длительного действия дает мужчине возможность затянуть свое семяизвержение до появления женского любовного упоения. Применение крема совместимо с изделиями из резины и латекса (презерватив, искусственная вагина), а также смазками. ;Биоритм;LB-11003;659.00;292.93;1;80;1;;;1426;;;картонная коробка;25;http://feed.p5s.ru/images/small/0/small_1488.jpg;http://feed.p5s.ru/images/big/0/1488.jpg;http://feed.p5s.ru/images/big/0/1488-1.jpg;http://feed.p5s.ru/images/big/0/1488-2.jpg;http://feed.p5s.ru/images/big/0/1488-3.jpg;;4,61E+12
1539;Смазки, лубриканты;Возбуждающие;Крем для увеличения полового члена «Персидский шах» - 50 гр.;Крем «Персидский шах» разработан для мужчин, недовольных размером своего полового члена. В состав средства входят натуральные биологически активные вещества, увеличивающие приток крови к пенису и усиливающие эрекцию. Совместное использование «Персидского шаха» со специальными упражнениями или медицинскими изделиями (вакуумная помпа, экстендер) способствует увеличению размеров мужского полового органа. Массажные свойства крема делают данную процедуру лёгкой и приятной. В среднем весь процесс занимает не более 15-20 минут в день.  Применение крема даёт возможность получить: - пенис желаемых размеров  - сильную, контролируемую эрекцию  - продолжительный секс  - мощный оргазм  - новые возможности доведения женщины до яркого и запоминающегося экстаза.  Помните, что для увеличения полового члена совсем необязательно делать сложную хирургическую операцию. С кремом «Персидский шах» вполне реально добиться желаемых результатов в домашних условиях. ;Биоритм;LB-90003;1033.00;543.56;1;16;1;;;1482;;;картонная коробка;75;http://feed.p5s.ru/images/small/0/small_1539.jpg;http://feed.p5s.ru/images/big/0/1539.jpg;http://feed.p5s.ru/images/big/0/1539-1.jpg;http://feed.p5s.ru/images/big/0/1539-2.jpg;http://feed.p5s.ru/images/big/0/1539-3.jpg;http://feed.p5s.ru/images/big/0/1539-4.jpg;4,61E+12
1547;Приятные мелочи;Презервативы;Презервативы с продлевающим эффектом Contex Long Love - 12 шт.;Наверное, многие хоть раз в своей жизни сожалели о том, что блаженство от общения с любимым человеком прервалось слишком рано. А так хотелось, чтобы это длилось вечность или, хотя бы, до утра. CONTEX Long Love, который обработан специальной смазкой – анестетиком BENZOCAINE, снизит чувствительность рецепторов пениса, что позволит продлить удовольствие, не снижая желания.  Ширина - 52 мм. Толщина стенки - 0,06 мм. В упаковке - 12 шт.;Contex;Contex Long Love №12;1877.00;1042.80;0;0;3;;;1490;латекс;;картонная коробка;42;http://feed.p5s.ru/images/small/0/small_1547.jpg;http://feed.p5s.ru/images/big/0/1547.jpg;;;;;5,06E+12
1564;Фаллоимитаторы;Реалистичные;Реалистичный фаллоимитатор с присасывающимся основанием So Real - 20,3 см.;Если под рукой есть этот фаллос, сексуальная разрядка вам гарантированна.  Эта секс-игрушка, такая реалистичная, способна завести одним своим видом.  Только взгляните на рисунок вздувшихся вен, крупное тельце с большой мошонкой, гладкую головку, чтобы внизу живота запорхали бабочки. Основание полое, поэтому может присасываться к любой ровной жесткой поверхности.   ;Seven Creations;05-126 BCD GP;1929.00;1071.77;1;30;2;;телесный;1507;поливинилхлорид (ПВХ, PVC);;блистер;566;http://feed.p5s.ru/images/small/0/small_1564.jpg;http://feed.p5s.ru/images/big/0/1564.jpg;http://feed.p5s.ru/images/big/0/1564-1.jpg;;;;4,89E+12
1571;Фаллоимитаторы;Реалистичные;Реалистичный фаллоимитатор с присасывающейся основой SO REAL DONG 6 - 15,2 см.;Фаллоимитатор из мягкого латекса с детальной прорисовкой реалистичного рельефа. Основание с чашеобразной выемкой позволяет закрепить фаллос на гладкой поверхности. Гарантированное наслаждение с первого же проникновения в лоно! ;Seven Creations;05-127 BCD GP;1341.00;705.94;1;48;2;;телесный;1514;поливинилхлорид (ПВХ, PVC);;блистер;270;http://feed.p5s.ru/images/small/0/small_1571.jpg;http://feed.p5s.ru/images/big/0/1571.jpg;http://feed.p5s.ru/images/big/0/1571-1.jpg;;;;4,89E+12
1572;Анальные игрушки;Анальные пробки;Анальная пробка телесного цвета Butt Plugs Smooth Classic Large - 14 см.;Телесный стимулятор нешуточных размеров удивит, в лучшем смысле этого слова, даже искушённых любовников.  Максимально распирая анус при введении, конусообразная пробка подарит острые, но дико приятные ощущения.  Смелее, ваш размерчик?  Рабочая длина - 12,7 см.;Doc Johnson;0244-03-CD;2251.00;1250.49;0;0;3;;телесный;1515;поливинилхлорид (ПВХ, PVC);;блистер;290;http://feed.p5s.ru/images/small/0/small_1572.jpg;http://feed.p5s.ru/images/big/0/1572.jpg;http://feed.p5s.ru/images/big/0/1572-1.jpg;http://feed.p5s.ru/images/big/0/1572-2.jpg;;;7,82E+11
1573;Анальные игрушки;Анальные пробки;Анальная пробка Butt Plugs Smooth Classic Large - 14 см.;Анальная пробка из гладкого телесного ПВХ черного цвета.  Большой диаметр пробки подходит опытным любителям анального секса. Рабочая длина - 12,7 см.;Doc Johnson;0244-06-CD;2476.00;1375.54;1;3;2;;черный;1516;поливинилхлорид (ПВХ, PVC);;блистер;300;http://feed.p5s.ru/images/small/0/small_1573.jpg;http://feed.p5s.ru/images/big/0/1573.jpg;http://feed.p5s.ru/images/big/0/1573-1.jpg;http://feed.p5s.ru/images/big/0/1573-2.jpg;;;7,82E+11
1603;Анальные игрушки;Анальные фаллоимитаторы;Анальный фаллос Raging Hard-Ons Slimline with Suction Cup 8  Dong - 20 см.;Познать всю полноту ощущений от анального проникновения поможет этот анальный фаллоимитатор нешуточных размеров. Эта секс-игрушка, испещренная напряженными венами, проникнет в ваш анус так глубоко, как вам этого захочется.  На основании имеется присоска, благодаря чему секс-игрушку можно зафиксировать на жесткой поверхности, а значит, освободить свои руки в процессе анальных забав.  Рабочая длина - 17,27 см.;Doc Johnson;0279-33-CD;2427.00;1348.22;1;65;2;;телесный;1546;поливинилхлорид (ПВХ, PVC);;блистер;255;http://feed.p5s.ru/images/small/0/small_1603.jpg;http://feed.p5s.ru/images/big/0/1603.jpg;http://feed.p5s.ru/images/big/0/1603-1.jpg;;;;7,82E+11
1608;Секс-товары для мужчин;Эрекционные кольца;Эрекционное кольцо с вибрацией COCK BALL RING BUTTERFLY JELLY VIBE;Эрекционное кольцо с вибрацией COCK&BALL RING BUTTERFLY JELLY VIBE. Эрекционное виброкольцо с петлей для мошонки и клиторальным стимулятором в виде бабочки.   Имеет виброэлемент в виде пули.  Внутренний диаметр - 1,8 см. Батарейки в комплекте.;Seven Creations;06-019CPU BCD GP;1521.00;800.42;1;246;2;;фиолетовый;1551;поливинилхлорид (ПВХ, PVC);;блистер;105;http://feed.p5s.ru/images/small/0/small_1608.jpg;http://feed.p5s.ru/images/big/0/1608.jpg;http://feed.p5s.ru/images/big/0/1608-1.jpg;;;;4,89E+12
1615;Вибраторы;Стимуляторы G-точки;Чёрный многоскоростной дизайнерский вибромассажёр Saber - 17,5 см.;Вибромассажер-фаллоимитатор SABER. Многоскоростной миниэлектромотор с различными уровнями вибрации, встроенный в оригинальную ручку-держатель. Имеет плавные формы, обеспечивающие восхитительный массаж точки G. Идеально гладкая поверхность гарантирует приятное проникновение. Имеет необычный суперсовременный дизайн. ;Seven Creations;06-136HBLK-BX;3322.00;1845.46;1;18;2;;черный;1558;анодированный пластик (ABS);2 шт., тип AAA;картонная коробка;480;http://feed.p5s.ru/images/small/0/small_1615.jpg;http://feed.p5s.ru/images/big/0/1615.jpg;http://feed.p5s.ru/images/big/0/1615-1.jpg;;;;4,89E+12
1626;Вибраторы;Реалистики;Фиолетовый водонепроницаемый вибромассажер на присоске - 17,5 см.;Односкоростной водонепроницаемый гелевый вибромассажер с мощной присоской.  ;Seven Creations;06-159CLV BCD GP;1897.00;998.61;1;5;2;;фиолетовый;1569;поливинилхлорид (ПВХ, PVC);2 шт., тип AA;блистер;310;http://feed.p5s.ru/images/small/0/small_1626.jpg;http://feed.p5s.ru/images/big/0/1626.jpg;http://feed.p5s.ru/images/big/0/1626-1.jpg;;;;4,89E+12
1632;Анальные игрушки;Анальные стимуляторы без вибрации;Розовая анальная пробка Crystal Jellies 5  Anal Delight - 14 см.;Нежно-розовая гелевая пробочка подарит вам ярчайшие ощущения при анальной стимуляции. Только позвольте ей это… Первый шарик, за ним второй, третий… Ваша попка будет открываться им навстречу и снова смыкаться, не желая выпускать источник удовольствия.  Рабочая длина - 11,7 см.;Doc Johnson;0283-01-CD;2007.00;1114.83;1;19;2;;розовый;1575;поливинилхлорид (ПВХ, PVC);;блистер;180;http://feed.p5s.ru/images/small/0/small_1632.jpg;http://feed.p5s.ru/images/big/0/1632.jpg;http://feed.p5s.ru/images/big/0/1632-1.jpg;;;;7,82E+11
1636;Страпоны, фаллопротезы;Женские страпоны;Фаллопротез женский с мошонкой SO-REAL STRAP-ON - 17,8 см.;Латексный фаллоимитатор класса   реалистик  . Крепится к специальным плавкам. Этот страпон используется, как правило, в лесбийских играх или при женском доминировании. Отличный страпон с реалистичным рельефом и очень четкой сексуально притягательной головкой, который оценят по достоинству и мужчины, и дамы. ;Seven Creations;06-175 BX GP;4536.00;2591.74;1;15;1;;телесный;1579;поливинилхлорид (ПВХ, PVC);;картонная коробка;724;http://feed.p5s.ru/images/small/0/small_1636.jpg;http://feed.p5s.ru/images/big/0/1636.jpg;http://feed.p5s.ru/images/big/0/1636-1.jpg;;;;4,89E+12
1644;Анальные игрушки;Анальные шарики, цепочки;Анальная цепочка PURE ANAL BEADS - 15,2 см.;Цепочка из пяти разных по диаметру шариков предназначена для анальной стимуляции. Она поможет вашей паре разнообразить сексуальную жизнь.  Узнайте, каким сладким может быть удовольствие от анальных ласк. Удобная ручка-держатель облегчит управление стимулятором.  ;Seven Creations;06-218-E6 BCD GP;1109.00;583.91;0;0;3;;фиолетовый;1587;термопластичная резина (TPR);;блистер;96;http://feed.p5s.ru/images/small/0/small_1644.jpg;http://feed.p5s.ru/images/big/0/1644.jpg;http://feed.p5s.ru/images/big/0/1644-1.jpg;;;;4,89E+12
1662;Секс-товары для мужчин;Мастурбаторы;Мастурбатор-вагина McKenzie Lee ULTRASKYN Pocket Pussy;Стоит взять эту игрушку в руки, чтобы ваша плоть стала взмывать вверх. Реалистичный материал UltraSkin, мягкие половые губы и маленький тугой вход в узенький тоннель…ммм.  Да, с этой «девочкой» никак не сдержать растущего возбуждения. Не беспокойтесь, благодаря рельефу на поверхности мастурбатор не выскользнет из рук на пике страсти.  ;Doc Johnson;5800-06-BX;3084.00;1713.21;0;0;3;;телесный;1605;Ultraskin;;картонная коробка;300;http://feed.p5s.ru/images/small/0/small_1662.jpg;http://feed.p5s.ru/images/big/0/1662.jpg;http://feed.p5s.ru/images/big/0/1662-1.jpg;;;;7,82E+11
1664;Секс-товары для мужчин;Мастурбаторы;Мастурбатор-вагина Palm Pal Natural ULTRASKYN Masturbator Pussy;С этой тугой вагиной из реалистичного материала UltraSkin вам откроются новые грани удовольствия при мастурбации.  Рифлёные стеночки  тугого тоннеля сомкнутся вокруг вашего члена, приближая вас к разрядке с каждой секундой!  Мастурбатор PALM PAL – удобно держать, невозможно не кончать!   ;Doc Johnson;0683-04-BX;2306.00;1281.19;1;64;2;;телесный;1607;Ultraskin;;картонная коробка;198;http://feed.p5s.ru/images/small/0/small_1664.jpg;http://feed.p5s.ru/images/big/0/1664.jpg;http://feed.p5s.ru/images/big/0/1664-1.jpg;http://feed.p5s.ru/images/big/0/1664-2.jpg;;;7,82E+11
1690;Анальные игрушки;Анальные стимуляторы без вибрации;Голубая анальная ёлочка с ручкой Anal Angler - 23 см.;Тонкий, нежный и эластичный силиконовый анальный стимулятор. Особая закрученная форма с небольшим шариком на конце и удобной рукояткой-основанием делают этот стимулятор незаменимым для анальных ласк.  Этот силиконовый массажёр способен доставит удовольствие 2-в-1. Одна часть в форме ёлочки из шариков различного диаметра и вторая – гладкая с шариком на конце – идеально подходят для ласк как вагины, так и ануса. Оригинальная форма и нежная на ощупь поверхность обеспечивают поистине легкое введение. Длина ручки - 8 см., диаметр - 2,5 см.  Длина ёлочки - 11 см., диаметр - 3 см.;Seven Creations;F0091B9SPGAC;965.00;508.08;0;0;3;;голубой;1633;гель;;блистер;;http://feed.p5s.ru/images/small/0/small_1690.jpg;http://feed.p5s.ru/images/big/0/1690.jpg;http://feed.p5s.ru/images/big/0/1690-1.jpg;;;;6,95E+12
1700;Фаллоимитаторы;Двусторонние;Двухсторониий фаллоимитатор Twinzer Double Dong - 33 см.;Один член – хорошо, а два – еще лучше! Этот фаллоимитатор состоит из двух сросшихся пенисов. Тельце каждого из них такое гладкое, упругое, с ярко выраженной головкой.  Выбирайте сами, какой из сторон воспользоваться сегодня и что именно (вагину или анус) им ласкать. Гибкость секс-игрушки делает её отличным инструментом для лесбийских игр. ;Seven Creations;2K574LPU BCD GP;1898.00;1054.30;0;0;3;;фиолетовый;1643;поливинилхлорид (ПВХ, PVC);;блистер;360;http://feed.p5s.ru/images/small/0/small_1700.jpg;http://feed.p5s.ru/images/big/0/1700.jpg;http://feed.p5s.ru/images/big/0/1700-1.jpg;;;;4,89E+12
1704;Секс-товары для мужчин;Вакуумные помпы;Помпа на головку фаллоса Penis Head Pump;Это нехитрое приспособленье подарит вам оральные ласки! Как такое возможно? Колбочка с уплотнительным кольцом на вход скроет внутри себя головку вашего члена.  Сжимая грушу, вы добьетесь эффекта посасывания. Теперь взрываться наслаждением вы сможете не только в ротике сексуальной партнерши.   Диаметр входного отверстия уплотнителя - 2,5 см.;Seven Creations;2K590BLK BX GP;1512.00;795.76;0;0;3;;прозрачный;1647;акрил;;картонная коробка;210;http://feed.p5s.ru/images/small/0/small_1704.jpg;http://feed.p5s.ru/images/big/0/1704.jpg;http://feed.p5s.ru/images/big/0/1704-1.jpg;;;;4,89E+12
1706;Анальные игрушки;Анальные стимуляторы без вибрации;Дымчатая фигурная анальная ёлочка ANAL STICK - 14 см.;Эта постепенно расширяющаяся книзу анальная ёлочка подарит вам райское блаженство. Всё потому, что она очень гладкая, упругая и отлично гнущаяся. Ни одно из движений не причинит вам боль во время проникновения в попку!   Чем глубже стимулятор будет погружаться в ваш анус, тем более сильные и невероятно приятные ощущения вы испытаете. Ручка-кольцо облегчит введение.  ;Seven Creations;18-03SMK BCD;1071.00;563.76;0;0;3;;дымчатый;1649;поливинилхлорид (ПВХ, PVC);;блистер;130;http://feed.p5s.ru/images/small/0/small_1706.jpg;http://feed.p5s.ru/images/big/0/1706.jpg;http://feed.p5s.ru/images/big/0/1706-1.jpg;;;;4,89E+12
